name,status,time_s
anderson.3.prop1-func-interl,unsat,0.060287
brp2.3.prop2-func-interl,unsat,0.252524
elevator.3.prop1-back-serstep,unsat,0.270537
lamport_nonatomic.5.prop1-back-serstep,unsat,2.138780
pgm_protocol.7.prop2-back-serstep,timeout,15.000000
sw_ball2004_2,unsat,0.026043
cal178,timeout,15.000000
cal182,unsat,2.360025
cal205,unsat,1.086969
cal235,timeout,15.000000
cal27,unsat,0.096493
cal41,unsat,0.027651
cal75,unsat,0.098686
cal97,timeout,15.000000
gen102,unsat,0.035658
gen103,unsat,0.031992
gen112,unsat,0.029833
gen45,timeout,15.000000
gen53,unsat,0.036228
mul9,timeout,15.000000
h_Arbiter,unsat,0.029410
vis_arrays_bpbs_p2,unsat,0.019745
vis_arrays_vsa16a_p6,timeout,15.000000
arbitrated_top_n2_w32_d32_e0,unsat,0.036039
arbitrated_top_n4_w8_d32_e0,unsat,0.085746
arbitrated_top_n5_w128_d128_e0,unsat,1.099385
arbitrated_top_n5_w64_d8_e0,unsat,0.041629
circular_pointer_top_w64_d8_e0,timeout,15.000000
shift_register_top_w32_d64_e0,timeout,15.000000
analog_estimation_convergence,unsat,0.041783
analog_estimation_convergence,unsat,0.023621
VexRiscv-regch0-20-p1,timeout,15.000000
picorv32-check-p09,sat,0.031085
ponylink-slaveTXlen-sat,timeout,15.000000
zipcpu-busdelay-p09,timeout,15.000000
zipcpu-busdelay-p10,timeout,15.000000
zipcpu-zipmmu-p12,timeout,15.000000
zipcpu-zipmmu-p27,timeout,15.000000
zipcpu-zipmmu-p49,timeout,15.000000
picorv32_mutCX_nomem-p1,unsat,3.975862
picorv32_mutCX_nomem-p2,unsat,4.360169
picorv32_mutCY_nomem-p8,timeout,15.000000
marlann_compute_cp_fail2-p1,sat,0.020125
dspfilters_fastfir_second-p06,timeout,15.000000
dspfilters_fastfir_second-p24,timeout,15.000000
qspiflash_dualflexpress_divfive-p020,timeout,15.000000
qspiflash_dualflexpress_divfive-p027,timeout,15.000000
qspiflash_dualflexpress_divfive-p040,timeout,15.000000
qspiflash_dualflexpress_divfive-p063,timeout,15.000000
qspiflash_dualflexpress_divfive-p114,timeout,15.000000
qspiflash_dualflexpress_divfive-p162,timeout,15.000000
qspiflash_dualflexpress_divthree-p050,timeout,15.000000
qspiflash_dualflexpress_divthree-p061,timeout,15.000000
qspiflash_dualflexpress_divthree-p119,timeout,15.000000
qspiflash_dualflexpress_divthree-p127,timeout,15.000000
qspiflash_dualflexpress_divthree-p132,timeout,15.000000
qspiflash_dualflexpress_divthree-p160,timeout,15.000000
qspiflash_qflexpress_divfive-p025,timeout,15.000000
qspiflash_qflexpress_divfive-p088,timeout,15.000000
qspiflash_qflexpress_divfive-p093,timeout,15.000000
qspiflash_qflexpress_divfive-p112,timeout,15.000000
qspiflash_qflexpress_divfive-p131,timeout,15.000000
vgasim_imgfifo-p020,unsat,11.244374
vgasim_imgfifo-p040,unsat,10.576929
vgasim_imgfifo-p061,unsat,11.193932
zipversa_composecrc_prf-p12,timeout,15.000000
rast-p10,timeout,15.000000
stack-p2,unsat,1.165924
93.c,unsat,0.021259
fib_30,timeout,15.000000
fib_37,unsat,0.017142
processed_hl_arr_access_128_bv,unsat,0.475360
processed_vector_add_cmp_split_8,timeout,15.000000
ILA_AES_START_ENCRYPT_problem,timeout,15.000000
counter_bit_width_large,timeout,15.000000
diffeq,timeout,15.000000
gcd,unsat,0.036554
kalman_bit_width_small,timeout,15.000000
a07-p14,unsat,2.164185
a16-p012,timeout,15.000000
a16-p018,timeout,15.000000
a16-p041,unsat,4.692321
a16-p057,timeout,15.000000
a16-p074,unsat,4.514092
a16-p085,unsat,4.380054
a16-p098,unsat,5.144372
a16-p102,unsat,7.737826
a16-p113,unsat,7.621220
a16-p126,unsat,5.138018
a16-p128,unsat,4.890403
a16-p139,unsat,4.296534
a16-p146,timeout,15.000000
a16-p148,unsat,4.561785
a16-p152,unsat,4.598794
a16-p160,unsat,5.821962
a19-p15,unsat,0.098093
a19-p16,unsat,0.097356
xepic_a17-p02,unsat,0.098430
byte_add_1-1,timeout,15.000000
gcd_2+newton_3_7,unsat,2.729615
gcd_4+newton_3_3,unsat,2.974948
pc_sfifo_1.cil-2+token_ring.05.cil-2,timeout,15.000000
pc_sfifo_2.cil-1+token_ring.11.cil-2,unsat,1.849126
pc_sfifo_2.cil-1+token_ring.13.cil-1,unsat,3.289627
pc_sfifo_3.cil+token_ring.04.cil-1,timeout,15.000000
pc_sfifo_3.cil+token_ring.08.cil-2,unsat,1.195322
Problem02_label10,timeout,15.000000
Problem03_label51,unsat,2.205192
Problem10_label07,timeout,15.000000
Problem10_label08,timeout,15.000000
Problem11_label26,unsat,0.860525
Problem11_label40,unsat,0.994505
Problem11_label48,unsat,0.643186
sqrt_Newton_pseudoconstant,timeout,15.000000
zonotope_2,timeout,15.000000
float_req_bl_1071,timeout,15.000000
float_req_bl_1092a,timeout,15.000000
float8,timeout,15.000000
newton_1_5,timeout,15.000000
digits_bad_for,timeout,15.000000
phases_2-1,timeout,15.000000
simple_vardep_1,timeout,15.000000
loop3,timeout,15.000000
mod3.c.v+sep-reducer,timeout,15.000000
bin-suffix-5,timeout,15.000000
up,timeout,15.000000
jm2006.c.i.v+cfa-reducer,timeout,15.000000
gauss_sum.i.p+lhb-reducer,timeout,15.000000
deep-nested,timeout,15.000000
benchmark04_conjunctive,timeout,15.000000
mono-crafted_8,timeout,15.000000
trex02-1,timeout,15.000000
dijkstra-u_valuebound1,timeout,15.000000
egcd-ll_unwindbound10,timeout,15.000000
egcd3-ll_unwindbound2,timeout,15.000000
freire1_valuebound1,timeout,15.000000
hard-ll_valuebound20,timeout,15.000000
lcm1_unwindbound2,timeout,15.000000
lcm1_valuebound100,timeout,15.000000
lcm2_unwindbound50,timeout,15.000000
s3_srvr_1b.cil,timeout,15.000000
elevator_spec1_product19.cil,unsat,6.134935
minepump_spec1_product14.cil,timeout,15.000000
minepump_spec2_product07.cil,timeout,15.000000
minepump_spec2_product54.cil,timeout,15.000000
minepump_spec3_product45.cil,timeout,15.000000
minepump_spec4_product16.cil,timeout,15.000000
psyco_io_1,timeout,15.000000
pals_lcr-var-start-time.5.1.ufo.UNBOUNDED.pals,timeout,15.000000
pals_lcr-var-start-time.6.1.ufo.UNBOUNDED.pals,timeout,15.000000
pals_opt-floodmax.4.3.ufo.UNBOUNDED.pals,timeout,15.000000
token_ring.03.cil-2,timeout,15.000000
transmitter.10.cil,timeout,15.000000
cancel_var_through_overflow,timeout,15.000000
AllInterval-019,timeout,15.000000
